{"cameraMode":{"drawMode":0,"name":"Shaded","section":"Shading Mode"},"sceneLighting":false,"audioPlay":false,"sceneViewState":{"m_AlwaysRefresh":false,"showFog":true,"showSkybox":false,"showFlares":true,"showImageEffects":true,"showParticleSystems":true,"showVisualEffectGraphs":true,"m_FxEnabled":true},"in2DMode":false,"pivot":{"x":-1.0701698064804078,"y":-0.5040714144706726,"z":-0.005451798439025879},"rotation":{"x":0.06386067718267441,"y":-0.9102644920349121,"z":0.1532653272151947,"w":0.37927767634391787},"size":1.185722827911377,"orthographic":false}