{"cameraMode":{"drawMode":0,"name":"Shaded","section":"Shading Mode"},"sceneLighting":false,"audioPlay":false,"sceneViewState":{"m_AlwaysRefresh":false,"showFog":true,"showSkybox":true,"showFlares":true,"showImageEffects":true,"showParticleSystems":true,"showVisualEffectGraphs":true,"m_FxEnabled":false},"in2DMode":false,"pivot":{"x":5.064920425415039,"y":-1.6753740310668946,"z":2.8517704010009767},"rotation":{"x":0.02804778330028057,"y":-0.9258716702461243,"z":0.37023311853408816,"w":0.07014043629169464},"size":3.9700729846954347,"orthographic":false}