{"cameraMode":{"drawMode":0,"name":"Shaded","section":"Shading Mode"},"sceneLighting":false,"audioPlay":false,"sceneViewState":{"m_AlwaysRefresh":false,"showFog":true,"showSkybox":false,"showFlares":true,"showImageEffects":true,"showParticleSystems":true,"showVisualEffectGraphs":true,"m_FxEnabled":true},"in2DMode":false,"pivot":{"x":0.26352933049201968,"y":0.30106282234191897,"z":0.40784013271331789},"rotation":{"x":0.2025238573551178,"y":0.024967890232801439,"z":-0.005164504982531071,"w":0.9789512753486633},"size":1.207395076751709,"orthographic":false}