{"cameraMode":{"drawMode":0,"name":"Shaded","section":"Shading Mode"},"sceneLighting":false,"audioPlay":false,"sceneViewState":{"m_AlwaysRefresh":false,"showFog":true,"showSkybox":false,"showFlares":true,"showImageEffects":true,"showParticleSystems":true,"showVisualEffectGraphs":true,"m_FxEnabled":true},"in2DMode":false,"pivot":{"x":7.372966289520264,"y":1.6093552112579346,"z":6.6219587326049809},"rotation":{"x":0.04789291322231293,"y":0.6791015267372131,"z":-0.044465042650699618,"w":0.7311593890190125},"size":3.682206869125366,"orthographic":false}