{"cameraMode":{"drawMode":0,"name":"Shaded","section":"Shading Mode"},"sceneLighting":false,"audioPlay":false,"sceneViewState":{"m_AlwaysRefresh":false,"showFog":true,"showSkybox":false,"showFlares":true,"showImageEffects":true,"showParticleSystems":true,"showVisualEffectGraphs":true,"m_FxEnabled":true},"in2DMode":false,"pivot":{"x":8.442999839782715,"y":0.8740000128746033,"z":4.579444885253906},"rotation":{"x":0.1684127300977707,"y":0.19030871987342835,"z":-0.033158108592033389,"w":0.9666041135787964},"size":0.18059426546096803,"orthographic":true}