{"cameraMode":{"drawMode":0,"name":"Shaded","section":"Shading Mode"},"sceneLighting":false,"audioPlay":false,"sceneViewState":{"m_AlwaysRefresh":false,"showFog":true,"showSkybox":false,"showFlares":true,"showImageEffects":true,"showParticleSystems":true,"showVisualEffectGraphs":true,"m_FxEnabled":true},"in2DMode":false,"pivot":{"x":7.414628505706787,"y":1.1200000047683716,"z":6.216411113739014},"rotation":{"x":-0.013596060685813427,"y":-0.9540743231773377,"z":0.2960685193538666,"w":-0.043812837451696399},"size":0.8660253882408142,"orthographic":false}