{"cameraMode":{"drawMode":0,"name":"Shaded","section":"Shading Mode"},"sceneLighting":false,"audioPlay":false,"sceneViewState":{"m_AlwaysRefresh":false,"showFog":true,"showSkybox":false,"showFlares":true,"showImageEffects":true,"showParticleSystems":true,"showVisualEffectGraphs":true,"m_FxEnabled":true},"in2DMode":false,"pivot":{"x":10.40999984741211,"y":0.5875322222709656,"z":1.6800000667572022},"rotation":{"x":-0.08410947769880295,"y":0.9085922241210938,"z":-0.22264587879180909,"w":-0.3432411551475525},"size":0.5985381603240967,"orthographic":false}