{"cameraMode":{"drawMode":0,"name":"Shaded","section":"Shading Mode"},"sceneLighting":false,"audioPlay":false,"sceneViewState":{"m_AlwaysRefresh":false,"showFog":true,"showSkybox":false,"showFlares":true,"showImageEffects":true,"showParticleSystems":true,"showVisualEffectGraphs":true,"m_FxEnabled":true},"in2DMode":false,"pivot":{"x":0.032269105315208438,"y":0.5771075487136841,"z":0.032589882612228397},"rotation":{"x":0.0887298658490181,"y":0.40936335921287539,"z":-0.040039803832769397,"w":0.9071637988090515},"size":1.0884205102920533,"orthographic":true}